Loan_ID,Gender,Married,Dependents,Education,Self_Employed,ApplicantIncome,CoapplicantIncome,LoanAmount,Loan_Amount_Term,Credit_History,Property_Area,Loan_Status,Total_Income
1002,Male,No,0,Graduate,No,5849,0,,360,1,Urban,Y,5849
1003,Male,Yes,1,Graduate,No,4583,1508,128,360,1,Rural,N,6091
1005,Male,Yes,0,Graduate,Yes,3000,0,66,360,1,Urban,Y,3000
1006,Male,Yes,0,Not Graduate,No,2583,2358,120,360,1,Urban,Y,4941
1008,Male,No,0,Graduate,No,6000,0,141,360,1,Urban,Y,6000
1011,Male,Yes,2,Graduate,Yes,5417,4196,267,360,1,Urban,Y,9613
1013,Male,Yes,0,Not Graduate,No,2333,1516,95,360,1,Urban,Y,3849
1014,Male,Yes,3+,Graduate,No,3036,2504,158,360,0,Semiurban,N,5540
1018,Male,Yes,2,Graduate,No,4006,1526,168,360,1,Urban,Y,5532
1020,Male,Yes,1,Graduate,No,12841,10968,349,360,1,Semiurban,N,23809
1024,Male,Yes,2,Graduate,No,3200,700,70,360,1,Urban,Y,3900
1027,Male,Yes,2,Graduate,,2500,1840,109,360,1,Urban,Y,4340
1028,Male,Yes,2,Graduate,No,3073,8106,200,360,1,Urban,Y,11179
1029,Male,No,0,Graduate,No,1853,2840,114,360,1,Rural,N,4693
1030,Male,Yes,2,Graduate,No,1299,1086,17,120,1,Urban,Y,2385
1032,Male,No,0,Graduate,No,4950,0,125,360,1,Urban,Y,4950
1034,Male,No,1,Not Graduate,No,3596,0,100,240,,Urban,Y,3596
1036,Female,No,0,Graduate,No,3510,0,76,360,0,Urban,N,3510
1038,Male,Yes,0,Not Graduate,No,4887,0,133,360,1,Rural,N,4887
1041,Male,Yes,0,Graduate,,2600,3500,115,,1,Urban,Y,6100
1043,Male,Yes,0,Not Graduate,No,7660,0,104,360,0,Urban,N,7660
1046,Male,Yes,1,Graduate,No,5955,5625,315,360,1,Urban,Y,11580
1047,Male,Yes,0,Not Graduate,No,2600,1911,116,360,0,Semiurban,N,4511
1050,,Yes,2,Not Graduate,No,3365,1917,112,360,0,Rural,N,5282
1052,Male,Yes,1,Graduate,,3717,2925,151,360,,Semiurban,N,6642
1066,Male,Yes,0,Graduate,Yes,9560,0,191,360,1,Semiurban,Y,9560
1068,Male,Yes,0,Graduate,No,2799,2253,122,360,1,Semiurban,Y,5052
1073,Male,Yes,2,Not Graduate,No,4226,1040,110,360,1,Urban,Y,5266
1086,Male,No,0,Not Graduate,No,1442,0,35,360,1,Urban,N,1442
1087,Female,No,2,Graduate,,3750,2083,120,360,1,Semiurban,Y,5833
1091,Male,Yes,1,Graduate,,4166,3369,201,360,,Urban,N,7535
1095,Male,No,0,Graduate,No,3167,0,74,360,1,Urban,N,3167
1097,Male,No,1,Graduate,Yes,4692,0,106,360,1,Rural,N,4692
1098,Male,Yes,0,Graduate,No,3500,1667,114,360,1,Semiurban,Y,5167
1100,Male,No,3+,Graduate,No,12500,3000,320,360,1,Rural,N,15500
1106,Male,Yes,0,Graduate,No,2275,2067,,360,1,Urban,Y,4342
1109,Male,Yes,0,Graduate,No,1828,1330,100,,0,Urban,N,3158
1112,Female,Yes,0,Graduate,No,3667,1459,144,360,1,Semiurban,Y,5126
1114,Male,No,0,Graduate,No,4166,7210,184,360,1,Urban,Y,11376
1116,Male,No,0,Not Graduate,No,3748,1668,110,360,1,Semiurban,Y,5416
1119,Male,No,0,Graduate,No,3600,0,80,360,1,Urban,N,3600
1120,Male,No,0,Graduate,No,1800,1213,47,360,1,Urban,Y,3013
1123,Male,Yes,0,Graduate,No,2400,0,75,360,,Urban,Y,2400
1131,Male,Yes,0,Graduate,No,3941,2336,134,360,1,Semiurban,Y,6277
1136,Male,Yes,0,Not Graduate,Yes,4695,0,96,,1,Urban,Y,4695
1137,Female,No,0,Graduate,No,3410,0,88,,1,Urban,Y,3410
1138,Male,Yes,1,Graduate,No,5649,0,44,360,1,Urban,Y,5649
1144,Male,Yes,0,Graduate,No,5821,0,144,360,1,Urban,Y,5821
1146,Female,Yes,0,Graduate,No,2645,3440,120,360,0,Urban,N,6085
1151,Female,No,0,Graduate,No,4000,2275,144,360,1,Semiurban,Y,6275
1155,Female,Yes,0,Not Graduate,No,1928,1644,100,360,1,Semiurban,Y,3572
1157,Female,No,0,Graduate,No,3086,0,120,360,1,Semiurban,Y,3086
1164,Female,No,0,Graduate,No,4230,0,112,360,1,Semiurban,N,4230
1179,Male,Yes,2,Graduate,No,4616,0,134,360,1,Urban,N,4616
1186,Female,Yes,1,Graduate,Yes,11500,0,286,360,0,Urban,N,11500
1194,Male,Yes,2,Graduate,No,2708,1167,97,360,1,Semiurban,Y,3875
1195,Male,Yes,0,Graduate,No,2132,1591,96,360,1,Semiurban,Y,3723
1197,Male,Yes,0,Graduate,No,3366,2200,135,360,1,Rural,N,5566
1198,Male,Yes,1,Graduate,No,8080,2250,180,360,1,Urban,Y,10330
1199,Male,Yes,2,Not Graduate,No,3357,2859,144,360,1,Urban,Y,6216
1205,Male,Yes,0,Graduate,No,2500,3796,120,360,1,Urban,Y,6296
1206,Male,Yes,3+,Graduate,No,3029,0,99,360,1,Urban,Y,3029
1207,Male,Yes,0,Not Graduate,Yes,2609,3449,165,180,0,Rural,N,6058
1213,Male,Yes,1,Graduate,No,4945,0,,360,0,Rural,N,4945
1222,Female,No,0,Graduate,No,4166,0,116,360,0,Semiurban,N,4166
1225,Male,Yes,0,Graduate,No,5726,4595,258,360,1,Semiurban,N,10321
1228,Male,No,0,Not Graduate,No,3200,2254,126,180,0,Urban,N,5454
1233,Male,Yes,1,Graduate,No,10750,0,312,360,1,Urban,Y,10750
1238,Male,Yes,3+,Not Graduate,Yes,7100,0,125,60,1,Urban,Y,7100
1241,Female,No,0,Graduate,No,4300,0,136,360,0,Semiurban,N,4300
1243,Male,Yes,0,Graduate,No,3208,3066,172,360,1,Urban,Y,6274
1245,Male,Yes,2,Not Graduate,Yes,1875,1875,97,360,1,Semiurban,Y,3750
1248,Male,No,0,Graduate,No,3500,0,81,300,1,Semiurban,Y,3500
1250,Male,Yes,3+,Not Graduate,No,4755,0,95,,0,Semiurban,N,4755
1253,Male,Yes,3+,Graduate,Yes,5266,1774,187,360,1,Semiurban,Y,7040
1255,Male,No,0,Graduate,No,3750,0,113,480,1,Urban,N,3750
1256,Male,No,0,Graduate,No,3750,4750,176,360,1,Urban,N,8500
1259,Male,Yes,1,Graduate,Yes,1000,3022,110,360,1,Urban,N,4022
1263,Male,Yes,3+,Graduate,No,3167,4000,180,300,0,Semiurban,N,7167
1264,Male,Yes,3+,Not Graduate,Yes,3333,2166,130,360,,Semiurban,Y,5499
1265,Female,No,0,Graduate,No,3846,0,111,360,1,Semiurban,Y,3846
1266,Male,Yes,1,Graduate,Yes,2395,0,,360,1,Semiurban,Y,2395
1267,Female,Yes,2,Graduate,No,1378,1881,167,360,1,Urban,N,3259
1273,Male,Yes,0,Graduate,No,6000,2250,265,360,,Semiurban,N,8250
1275,Male,Yes,1,Graduate,No,3988,0,50,240,1,Urban,Y,3988
1279,Male,No,0,Graduate,No,2366,2531,136,360,1,Semiurban,Y,4897
1280,Male,Yes,2,Not Graduate,No,3333,2000,99,360,,Semiurban,Y,5333
1282,Male,Yes,0,Graduate,No,2500,2118,104,360,1,Semiurban,Y,4618
1289,Male,No,0,Graduate,No,8566,0,210,360,1,Urban,Y,8566
1310,Male,Yes,0,Graduate,No,5695,4167,175,360,1,Semiurban,Y,9862
1316,Male,Yes,0,Graduate,No,2958,2900,131,360,1,Semiurban,Y,5858
1318,Male,Yes,2,Graduate,No,6250,5654,188,180,1,Semiurban,Y,11904
1319,Male,Yes,2,Not Graduate,No,3273,1820,81,360,1,Urban,Y,5093
1322,Male,No,0,Graduate,No,4133,0,122,360,1,Semiurban,Y,4133
1325,Male,No,0,Not Graduate,No,3620,0,25,120,1,Semiurban,Y,3620
1326,Male,No,0,Graduate,,6782,0,,360,,Urban,N,6782
1327,Female,Yes,0,Graduate,No,2484,2302,137,360,1,Semiurban,Y,4786
1333,Male,Yes,0,Graduate,No,1977,997,50,360,1,Semiurban,Y,2974
1334,Male,Yes,0,Not Graduate,No,4188,0,115,180,1,Semiurban,Y,4188
1343,Male,Yes,0,Graduate,No,1759,3541,131,360,1,Semiurban,Y,5300
1345,Male,Yes,2,Not Graduate,No,4288,3263,133,180,1,Urban,Y,7551
1349,Male,No,0,Graduate,No,4843,3806,151,360,1,Semiurban,Y,8649
1350,Male,Yes,,Graduate,No,13650,0,,360,1,Urban,Y,13650
1356,Male,Yes,0,Graduate,No,4652,3583,,360,1,Semiurban,Y,8235
1357,Male,,,Graduate,No,3816,754,160,360,1,Urban,Y,4570
1367,Male,Yes,1,Graduate,No,3052,1030,100,360,1,Urban,Y,4082
1369,Male,Yes,2,Graduate,No,11417,1126,225,360,1,Urban,Y,12543
1370,Male,No,0,Not Graduate,,7333,0,120,360,1,Rural,N,7333
1379,Male,Yes,2,Graduate,No,3800,3600,216,360,0,Urban,N,7400
1384,Male,Yes,3+,Not Graduate,No,2071,754,94,480,1,Semiurban,Y,2825
1385,Male,No,0,Graduate,No,5316,0,136,360,1,Urban,Y,5316
1387,Female,Yes,0,Graduate,,2929,2333,139,360,1,Semiurban,Y,5262
1391,Male,Yes,0,Not Graduate,No,3572,4114,152,,0,Rural,N,7686
1392,Female,No,1,Graduate,Yes,7451,0,,360,1,Semiurban,Y,7451
1398,Male,No,0,Graduate,,5050,0,118,360,1,Semiurban,Y,5050
1401,Male,Yes,1,Graduate,No,14583,0,185,180,1,Rural,Y,14583
1404,Female,Yes,0,Graduate,No,3167,2283,154,360,1,Semiurban,Y,5450
1405,Male,Yes,1,Graduate,No,2214,1398,85,360,,Urban,Y,3612
1421,Male,Yes,0,Graduate,No,5568,2142,175,360,1,Rural,N,7710
1422,Female,No,0,Graduate,No,10408,0,259,360,1,Urban,Y,10408
1426,Male,Yes,,Graduate,No,5667,2667,180,360,1,Rural,Y,8334
1430,Female,No,0,Graduate,No,4166,0,44,360,1,Semiurban,Y,4166
1431,Female,No,0,Graduate,No,2137,8980,137,360,0,Semiurban,Y,11117
1432,Male,Yes,2,Graduate,No,2957,0,81,360,1,Semiurban,Y,2957
1439,Male,Yes,0,Not Graduate,No,4300,2014,194,360,1,Rural,Y,6314
1443,Female,No,0,Graduate,No,3692,0,93,360,,Rural,Y,3692
1448,,Yes,3+,Graduate,No,23803,0,370,360,1,Rural,Y,23803
1449,Male,No,0,Graduate,No,3865,1640,,360,1,Rural,Y,5505
1451,Male,Yes,1,Graduate,Yes,10513,3850,160,180,0,Urban,N,14363
1465,Male,Yes,0,Graduate,No,6080,2569,182,360,,Rural,N,8649
1469,Male,No,0,Graduate,Yes,20166,0,650,480,,Urban,Y,20166
1473,Male,No,0,Graduate,No,2014,1929,74,360,1,Urban,Y,3943
1478,Male,No,0,Graduate,No,2718,0,70,360,1,Semiurban,Y,2718
1482,Male,Yes,0,Graduate,Yes,3459,0,25,120,1,Semiurban,Y,3459
1487,Male,No,0,Graduate,No,4895,0,102,360,1,Semiurban,Y,4895
1488,Male,Yes,3+,Graduate,No,4000,7750,290,360,1,Semiurban,N,11750
1489,Female,Yes,0,Graduate,No,4583,0,84,360,1,Rural,N,4583
1491,Male,Yes,2,Graduate,Yes,3316,3500,88,360,1,Urban,Y,6816
1492,Male,No,0,Graduate,No,14999,0,242,360,0,Semiurban,N,14999
1493,Male,Yes,2,Not Graduate,No,4200,1430,129,360,1,Rural,N,5630
1497,Male,Yes,2,Graduate,No,5042,2083,185,360,1,Rural,N,7125
1498,Male,No,0,Graduate,No,5417,0,168,360,1,Urban,Y,5417
1504,Male,No,0,Graduate,Yes,6950,0,175,180,1,Semiurban,Y,6950
1507,Male,Yes,0,Graduate,No,2698,2034,122,360,1,Semiurban,Y,4732
1508,Male,Yes,2,Graduate,No,11757,0,187,180,1,Urban,Y,11757
1514,Female,Yes,0,Graduate,No,2330,4486,100,360,1,Semiurban,Y,6816
1516,Female,Yes,2,Graduate,No,14866,0,70,360,1,Urban,Y,14866
1518,Male,Yes,1,Graduate,No,1538,1425,30,360,1,Urban,Y,2963
1519,Female,No,0,Graduate,No,10000,1666,225,360,1,Rural,N,11666
1520,Male,Yes,0,Graduate,No,4860,830,125,360,1,Semiurban,Y,5690
1528,Male,No,0,Graduate,No,6277,0,118,360,0,Rural,N,6277
1529,Male,Yes,0,Graduate,Yes,2577,3750,152,360,1,Rural,Y,6327
1531,Male,No,0,Graduate,No,9166,0,244,360,1,Urban,N,9166
1532,Male,Yes,2,Not Graduate,No,2281,0,113,360,1,Rural,N,2281
1535,Male,No,0,Graduate,No,3254,0,50,360,1,Urban,Y,3254
1536,Male,Yes,3+,Graduate,No,39999,0,600,180,0,Semiurban,Y,39999
1541,Male,Yes,1,Graduate,No,6000,0,160,360,,Rural,Y,6000
1543,Male,Yes,1,Graduate,No,9538,0,187,360,1,Urban,Y,9538
1546,Male,No,0,Graduate,,2980,2083,120,360,1,Rural,Y,5063
1552,Male,Yes,0,Graduate,No,4583,5625,255,360,1,Semiurban,Y,10208
1560,Male,Yes,0,Not Graduate,No,1863,1041,98,360,1,Semiurban,Y,2904
1562,Male,Yes,0,Graduate,No,7933,0,275,360,1,Urban,N,7933
1565,Male,Yes,1,Graduate,No,3089,1280,121,360,0,Semiurban,N,4369
1570,Male,Yes,2,Graduate,No,4167,1447,158,360,1,Rural,Y,5614
1572,Male,Yes,0,Graduate,No,9323,0,75,180,1,Urban,Y,9323
1574,Male,Yes,0,Graduate,No,3707,3166,182,,1,Rural,Y,6873
1577,Female,Yes,0,Graduate,No,4583,0,112,360,1,Rural,N,4583
1578,Male,Yes,0,Graduate,No,2439,3333,129,360,1,Rural,Y,5772
1579,Male,No,0,Graduate,No,2237,0,63,480,0,Semiurban,N,2237
1580,Male,Yes,2,Graduate,No,8000,0,200,360,1,Semiurban,Y,8000
1581,Male,Yes,0,Not Graduate,,1820,1769,95,360,1,Rural,Y,3589
1585,,Yes,3+,Graduate,No,51763,0,700,300,1,Urban,Y,51763
1586,Male,Yes,3+,Not Graduate,No,3522,0,81,180,1,Rural,N,3522
1594,Male,Yes,0,Graduate,No,5708,5625,187,360,1,Semiurban,Y,11333
1603,Male,Yes,0,Not Graduate,Yes,4344,736,87,360,1,Semiurban,N,5080
1606,Male,Yes,0,Graduate,No,3497,1964,116,360,1,Rural,Y,5461
1608,Male,Yes,2,Graduate,No,2045,1619,101,360,1,Rural,Y,3664
1610,Male,Yes,3+,Graduate,No,5516,11300,495,360,0,Semiurban,N,16816
1616,Male,Yes,1,Graduate,No,3750,0,116,360,1,Semiurban,Y,3750
1630,Male,No,0,Not Graduate,No,2333,1451,102,480,0,Urban,N,3784
1633,Male,Yes,1,Graduate,No,6400,7250,180,360,0,Urban,N,13650
1634,Male,No,0,Graduate,No,1916,5063,67,360,,Rural,N,6979
1636,Male,Yes,0,Graduate,No,4600,0,73,180,1,Semiurban,Y,4600
1637,Male,Yes,1,Graduate,No,33846,0,260,360,1,Semiurban,N,33846
1639,Female,Yes,0,Graduate,No,3625,0,108,360,1,Semiurban,Y,3625
1640,Male,Yes,0,Graduate,Yes,39147,4750,120,360,1,Semiurban,Y,43897
1641,Male,Yes,1,Graduate,Yes,2178,0,66,300,0,Rural,N,2178
1643,Male,Yes,0,Graduate,No,2383,2138,58,360,,Rural,Y,4521
1644,,Yes,0,Graduate,Yes,674,5296,168,360,1,Rural,Y,5970
1647,Male,Yes,0,Graduate,No,9328,0,188,180,1,Rural,Y,9328
1653,Male,No,0,Not Graduate,No,4885,0,48,360,1,Rural,Y,4885
1656,Male,No,0,Graduate,No,12000,0,164,360,1,Semiurban,N,12000
1657,Male,Yes,0,Not Graduate,No,6033,0,160,360,1,Urban,N,6033
1658,Male,No,0,Graduate,No,3858,0,76,360,1,Semiurban,Y,3858
1664,Male,No,0,Graduate,No,4191,0,120,360,1,Rural,Y,4191
1665,Male,Yes,1,Graduate,No,3125,2583,170,360,1,Semiurban,N,5708
1666,Male,No,0,Graduate,No,8333,3750,187,360,1,Rural,Y,12083
1669,Female,No,0,Not Graduate,No,1907,2365,120,,1,Urban,Y,4272
1671,Female,Yes,0,Graduate,No,3416,2816,113,360,,Semiurban,Y,6232
1673,Male,No,0,Graduate,Yes,11000,0,83,360,1,Urban,N,11000
1674,Male,Yes,1,Not Graduate,No,2600,2500,90,360,1,Semiurban,Y,5100
1677,Male,No,2,Graduate,No,4923,0,166,360,0,Semiurban,Y,4923
1682,Male,Yes,3+,Not Graduate,No,3992,0,,180,1,Urban,N,3992
1688,Male,Yes,1,Not Graduate,No,3500,1083,135,360,1,Urban,Y,4583
1691,Male,Yes,2,Not Graduate,No,3917,0,124,360,1,Semiurban,Y,3917
1692,Female,No,0,Not Graduate,No,4408,0,120,360,1,Semiurban,Y,4408
1693,Female,No,0,Graduate,No,3244,0,80,360,1,Urban,Y,3244
1698,Male,No,0,Not Graduate,No,3975,2531,55,360,1,Rural,Y,6506
1699,Male,No,0,Graduate,No,2479,0,59,360,1,Urban,Y,2479
1702,Male,No,0,Graduate,No,3418,0,127,360,1,Semiurban,N,3418
1708,Female,No,0,Graduate,No,10000,0,214,360,1,Semiurban,N,10000
1711,Male,Yes,3+,Graduate,No,3430,1250,128,360,0,Semiurban,N,4680
1713,Male,Yes,1,Graduate,Yes,7787,0,240,360,1,Urban,Y,7787
1715,Male,Yes,3+,Not Graduate,Yes,5703,0,130,360,1,Rural,Y,5703
1716,Male,Yes,0,Graduate,No,3173,3021,137,360,1,Urban,Y,6194
1720,Male,Yes,3+,Not Graduate,No,3850,983,100,360,1,Semiurban,Y,4833
1722,Male,Yes,0,Graduate,No,150,1800,135,360,1,Rural,N,1950
1726,Male,Yes,0,Graduate,No,3727,1775,131,360,1,Semiurban,Y,5502
1732,Male,Yes,2,Graduate,,5000,0,72,360,0,Semiurban,N,5000
1734,Female,Yes,2,Graduate,No,4283,2383,127,360,,Semiurban,Y,6666
1736,Male,Yes,0,Graduate,No,2221,0,60,360,0,Urban,N,2221
1743,Male,Yes,2,Graduate,No,4009,1717,116,360,1,Semiurban,Y,5726
1744,Male,No,0,Graduate,No,2971,2791,144,360,1,Semiurban,Y,5762
1749,Male,Yes,0,Graduate,No,7578,1010,175,,1,Semiurban,Y,8588
1750,Male,Yes,0,Graduate,No,6250,0,128,360,1,Semiurban,Y,6250
1751,Male,Yes,0,Graduate,No,3250,0,170,360,1,Rural,N,3250
1754,Male,Yes,,Not Graduate,Yes,4735,0,138,360,1,Urban,N,4735
1758,Male,Yes,2,Graduate,No,6250,1695,210,360,1,Semiurban,Y,7945
1760,Male,,,Graduate,No,4758,0,158,480,1,Semiurban,Y,4758
1761,Male,No,0,Graduate,Yes,6400,0,200,360,1,Rural,Y,6400
1765,Male,Yes,1,Graduate,No,2491,2054,104,360,1,Semiurban,Y,4545
1768,Male,Yes,0,Graduate,,3716,0,42,180,1,Rural,Y,3716
1770,Male,No,0,Not Graduate,No,3189,2598,120,,1,Rural,Y,5787
1776,Female,No,0,Graduate,No,8333,0,280,360,1,Semiurban,Y,8333
1778,Male,Yes,1,Graduate,No,3155,1779,140,360,1,Semiurban,Y,4934
1784,Male,Yes,1,Graduate,No,5500,1260,170,360,1,Rural,Y,6760
1786,Male,Yes,0,Graduate,,5746,0,255,360,,Urban,N,5746
1788,Female,No,0,Graduate,Yes,3463,0,122,360,,Urban,Y,3463
1790,Female,No,1,Graduate,No,3812,0,112,360,1,Rural,Y,3812
1792,Male,Yes,1,Graduate,No,3315,0,96,360,1,Semiurban,Y,3315
1798,Male,Yes,2,Graduate,No,5819,5000,120,360,1,Rural,Y,10819
1800,Male,Yes,1,Not Graduate,No,2510,1983,140,180,1,Urban,N,4493
1806,Male,No,0,Graduate,No,2965,5701,155,60,1,Urban,Y,8666
1807,Male,Yes,2,Graduate,Yes,6250,1300,108,360,1,Rural,Y,7550
1811,Male,Yes,0,Not Graduate,No,3406,4417,123,360,1,Semiurban,Y,7823
1813,Male,No,0,Graduate,Yes,6050,4333,120,180,1,Urban,N,10383
1814,Male,Yes,2,Graduate,No,9703,0,112,360,1,Urban,Y,9703
1819,Male,Yes,1,Not Graduate,No,6608,0,137,180,1,Urban,Y,6608
1824,Male,Yes,1,Graduate,No,2882,1843,123,480,1,Semiurban,Y,4725
1825,Male,Yes,0,Graduate,No,1809,1868,90,360,1,Urban,Y,3677
1835,Male,Yes,0,Not Graduate,No,1668,3890,201,360,0,Semiurban,N,5558
1836,Female,No,2,Graduate,No,3427,0,138,360,1,Urban,N,3427
1841,Male,No,0,Not Graduate,Yes,2583,2167,104,360,1,Rural,Y,4750
1843,Male,Yes,1,Not Graduate,No,2661,7101,279,180,1,Semiurban,Y,9762
1844,Male,No,0,Graduate,Yes,16250,0,192,360,0,Urban,N,16250
1846,Female,No,3+,Graduate,No,3083,0,255,360,1,Rural,Y,3083
1849,Male,No,0,Not Graduate,No,6045,0,115,360,0,Rural,N,6045
1854,Male,Yes,3+,Graduate,No,5250,0,94,360,1,Urban,N,5250
1859,Male,Yes,0,Graduate,No,14683,2100,304,360,1,Rural,N,16783
1864,Male,Yes,3+,Not Graduate,No,4931,0,128,360,,Semiurban,N,4931
1865,Male,Yes,1,Graduate,No,6083,4250,330,360,,Urban,Y,10333
1868,Male,No,0,Graduate,No,2060,2209,134,360,1,Semiurban,Y,4269
1870,Female,No,1,Graduate,No,3481,0,155,36,1,Semiurban,N,3481
1871,Female,No,0,Graduate,No,7200,0,120,360,1,Rural,Y,7200
1872,Male,No,0,Graduate,Yes,5166,0,128,360,1,Semiurban,Y,5166
1875,Male,No,0,Graduate,No,4095,3447,151,360,1,Rural,Y,7542
1877,Male,Yes,2,Graduate,No,4708,1387,150,360,1,Semiurban,Y,6095
1882,Male,Yes,3+,Graduate,No,4333,1811,160,360,0,Urban,Y,6144
1883,Female,No,0,Graduate,,3418,0,135,360,1,Rural,N,3418
1884,Female,No,1,Graduate,No,2876,1560,90,360,1,Urban,Y,4436
1888,Female,No,0,Graduate,No,3237,0,30,360,1,Urban,Y,3237
1891,Male,Yes,0,Graduate,No,11146,0,136,360,1,Urban,Y,11146
1892,Male,No,0,Graduate,No,2833,1857,126,360,1,Rural,Y,4690
1894,Male,Yes,0,Graduate,No,2620,2223,150,360,1,Semiurban,Y,4843
1896,Male,Yes,2,Graduate,No,3900,0,90,360,1,Semiurban,Y,3900
1900,Male,Yes,1,Graduate,No,2750,1842,115,360,1,Semiurban,Y,4592
1903,Male,Yes,0,Graduate,No,3993,3274,207,360,1,Semiurban,Y,7267
1904,Male,Yes,0,Graduate,No,3103,1300,80,360,1,Urban,Y,4403
1907,Male,Yes,0,Graduate,No,14583,0,436,360,1,Semiurban,Y,14583
1908,Female,Yes,0,Not Graduate,No,4100,0,124,360,,Rural,Y,4100
1910,Male,No,1,Not Graduate,Yes,4053,2426,158,360,0,Urban,N,6479
1914,Male,Yes,0,Graduate,No,3927,800,112,360,1,Semiurban,Y,4727
1915,Male,Yes,2,Graduate,No,2301,985.7999878,78,180,1,Urban,Y,3286.799988
1917,Female,No,0,Graduate,No,1811,1666,54,360,1,Urban,Y,3477
1922,Male,Yes,0,Graduate,No,20667,0,,360,1,Rural,N,20667
1924,Male,No,0,Graduate,No,3158,3053,89,360,1,Rural,Y,6211
1925,Female,No,0,Graduate,Yes,2600,1717,99,300,1,Semiurban,N,4317
1926,Male,Yes,0,Graduate,No,3704,2000,120,360,1,Rural,Y,5704
1931,Female,No,0,Graduate,No,4124,0,115,360,1,Semiurban,Y,4124
1935,Male,No,0,Graduate,No,9508,0,187,360,1,Rural,Y,9508
1936,Male,Yes,0,Graduate,No,3075,2416,139,360,1,Rural,Y,5491
1938,Male,Yes,2,Graduate,No,4400,0,127,360,0,Semiurban,N,4400
1940,Male,Yes,2,Graduate,No,3153,1560,134,360,1,Urban,Y,4713
1945,Female,No,,Graduate,No,5417,0,143,480,0,Urban,N,5417
1947,Male,Yes,0,Graduate,No,2383,3334,172,360,1,Semiurban,Y,5717
1949,Male,Yes,3+,Graduate,,4416,1250,110,360,1,Urban,Y,5666
1953,Male,Yes,1,Graduate,No,6875,0,200,360,1,Semiurban,Y,6875
1954,Female,Yes,1,Graduate,No,4666,0,135,360,1,Urban,Y,4666
1955,Female,No,0,Graduate,No,5000,2541,151,480,1,Rural,N,7541
1963,Male,Yes,1,Graduate,No,2014,2925,113,360,1,Urban,N,4939
1964,Male,Yes,0,Not Graduate,No,1800,2934,93,360,0,Urban,N,4734
1972,Male,Yes,,Not Graduate,No,2875,1750,105,360,1,Semiurban,Y,4625
1974,Female,No,0,Graduate,No,5000,0,132,360,1,Rural,Y,5000
1977,Male,Yes,1,Graduate,No,1625,1803,96,360,1,Urban,Y,3428
1978,Male,No,0,Graduate,No,4000,2500,140,360,1,Rural,Y,6500
1990,Male,No,0,Not Graduate,No,2000,0,,360,1,Urban,N,2000
1993,Female,No,0,Graduate,No,3762,1666,135,360,1,Rural,Y,5428
1994,Female,No,0,Graduate,No,2400,1863,104,360,0,Urban,N,4263
1996,Male,No,0,Graduate,No,20233,0,480,360,1,Rural,N,20233
1998,Male,Yes,2,Not Graduate,No,7667,0,185,360,,Rural,Y,7667
2002,Female,No,0,Graduate,No,2917,0,84,360,1,Semiurban,Y,2917
2004,Male,No,0,Not Graduate,No,2927,2405,111,360,1,Semiurban,Y,5332
2006,Female,No,0,Graduate,No,2507,0,56,360,1,Rural,Y,2507
2008,Male,Yes,2,Graduate,Yes,5746,0,144,84,,Rural,Y,5746
2024,,Yes,0,Graduate,No,2473,1843,159,360,1,Rural,N,4316
2031,Male,Yes,1,Not Graduate,No,3399,1640,111,180,1,Urban,Y,5039
2035,Male,Yes,2,Graduate,No,3717,0,120,360,1,Semiurban,Y,3717
2036,Male,Yes,0,Graduate,No,2058,2134,88,360,,Urban,Y,4192
2043,Female,No,1,Graduate,No,3541,0,112,360,,Semiurban,Y,3541
2050,Male,Yes,1,Graduate,Yes,10000,0,155,360,1,Rural,N,10000
2051,Male,Yes,0,Graduate,No,2400,2167,115,360,1,Semiurban,Y,4567
2053,Male,Yes,3+,Graduate,No,4342,189,124,360,1,Semiurban,Y,4531
2054,Male,Yes,2,Not Graduate,No,3601,1590,,360,1,Rural,Y,5191
2055,Female,No,0,Graduate,No,3166,2985,132,360,,Rural,Y,6151
2065,Male,Yes,3+,Graduate,No,15000,0,300,360,1,Rural,Y,15000
2067,Male,Yes,1,Graduate,Yes,8666,4983,376,360,0,Rural,N,13649
2068,Male,No,0,Graduate,No,4917,0,130,360,0,Rural,Y,4917
2082,Male,Yes,0,Graduate,Yes,5818,2160,184,360,1,Semiurban,Y,7978
2086,Female,Yes,0,Graduate,No,4333,2451,110,360,1,Urban,N,6784
2087,Female,No,0,Graduate,No,2500,0,67,360,1,Urban,Y,2500
2097,Male,No,1,Graduate,No,4384,1793,117,360,1,Urban,Y,6177
2098,Male,No,0,Graduate,No,2935,0,98,360,1,Semiurban,Y,2935
2100,Male,No,,Graduate,No,2833,0,71,360,1,Urban,Y,2833
2101,Male,Yes,0,Graduate,,63337,0,490,180,1,Urban,Y,63337
2103,,Yes,1,Graduate,Yes,9833,1833,182,180,1,Urban,Y,11666
2106,Male,Yes,,Graduate,Yes,5503,4490,70,,1,Semiurban,Y,9993
2110,Male,Yes,1,Graduate,,5250,688,160,360,1,Rural,Y,5938
2112,Male,Yes,2,Graduate,Yes,2500,4600,176,360,1,Rural,Y,7100
2113,Female,No,3+,Not Graduate,No,1830,0,,360,0,Urban,N,1830
2114,Female,No,0,Graduate,No,4160,0,71,360,1,Semiurban,Y,4160
2115,Male,Yes,3+,Not Graduate,No,2647,1587,173,360,1,Rural,N,4234
2116,Female,No,0,Graduate,No,2378,0,46,360,1,Rural,N,2378
2119,Male,Yes,1,Not Graduate,No,4554,1229,158,360,1,Urban,Y,5783
2126,Male,Yes,3+,Not Graduate,No,3173,0,74,360,1,Semiurban,Y,3173
2128,Male,Yes,2,Graduate,,2583,2330,125,360,1,Rural,Y,4913
2129,Male,Yes,0,Graduate,No,2499,2458,160,360,1,Semiurban,Y,4957
2130,Male,Yes,,Not Graduate,No,3523,3230,152,360,0,Rural,N,6753
2131,Male,Yes,2,Not Graduate,No,3083,2168,126,360,1,Urban,Y,5251
2137,Male,Yes,0,Graduate,No,6333,4583,259,360,,Semiurban,Y,10916
2138,Male,Yes,0,Graduate,No,2625,6250,187,360,1,Rural,Y,8875
2139,Male,Yes,0,Graduate,No,9083,0,228,360,1,Semiurban,Y,9083
2140,Male,No,0,Graduate,No,8750,4167,308,360,1,Rural,N,12917
2141,Male,Yes,3+,Graduate,No,2666,2083,95,360,1,Rural,Y,4749
2142,Female,Yes,0,Graduate,Yes,5500,0,105,360,0,Rural,N,5500
2143,Female,Yes,0,Graduate,No,2423,505,130,360,1,Semiurban,Y,2928
2144,Female,No,,Graduate,No,3813,0,116,180,1,Urban,Y,3813
2149,Male,Yes,2,Graduate,No,8333,3167,165,360,1,Rural,Y,11500
2151,Male,Yes,1,Graduate,No,3875,0,67,360,1,Urban,N,3875
2158,Male,Yes,0,Not Graduate,No,3000,1666,100,480,0,Urban,N,4666
2160,Male,Yes,3+,Graduate,No,5167,3167,200,360,1,Semiurban,Y,8334
2161,Female,No,1,Graduate,No,4723,0,81,360,1,Semiurban,N,4723
2170,Male,Yes,2,Graduate,No,5000,3667,236,360,1,Semiurban,Y,8667
2175,Male,Yes,0,Graduate,No,4750,2333,130,360,1,Urban,Y,7083
2178,Male,Yes,0,Graduate,No,3013,3033,95,300,,Urban,Y,6046
2180,Male,No,0,Graduate,Yes,6822,0,141,360,1,Rural,Y,6822
2181,Male,No,0,Not Graduate,No,6216,0,133,360,1,Rural,N,6216
2187,Male,No,0,Graduate,No,2500,0,96,480,1,Semiurban,N,2500
2188,Male,No,0,Graduate,No,5124,0,124,,0,Rural,N,5124
2190,Male,Yes,1,Graduate,No,6325,0,175,360,1,Semiurban,Y,6325
2191,Male,Yes,0,Graduate,No,19730,5266,570,360,1,Rural,N,24996
2194,Female,No,0,Graduate,Yes,15759,0,55,360,1,Semiurban,Y,15759
2197,Male,Yes,2,Graduate,No,5185,0,155,360,1,Semiurban,Y,5185
2201,Male,Yes,2,Graduate,Yes,9323,7873,380,300,1,Rural,Y,17196
2205,Male,No,1,Graduate,No,3062,1987,111,180,0,Urban,N,5049
2209,Female,No,0,Graduate,,2764,1459,110,360,1,Urban,Y,4223
2211,Male,Yes,0,Graduate,No,4817,923,120,180,1,Urban,Y,5740
2219,Male,Yes,3+,Graduate,No,8750,4996,130,360,1,Rural,Y,13746
2223,Male,Yes,0,Graduate,No,4310,0,130,360,,Semiurban,Y,4310
2224,Male,No,0,Graduate,No,3069,0,71,480,1,Urban,N,3069
2225,Male,Yes,2,Graduate,No,5391,0,130,360,1,Urban,Y,5391
2226,Male,Yes,0,Graduate,,3333,2500,128,360,1,Semiurban,Y,5833
2229,Male,No,0,Graduate,No,5941,4232,296,360,1,Semiurban,Y,10173
2231,Female,No,0,Graduate,No,6000,0,156,360,1,Urban,Y,6000
2234,Male,No,0,Graduate,Yes,7167,0,128,360,1,Urban,Y,7167
2236,Male,Yes,2,Graduate,No,4566,0,100,360,1,Urban,N,4566
2237,Male,No,1,Graduate,,3667,0,113,180,1,Urban,Y,3667
2239,Male,No,0,Not Graduate,No,2346,1600,132,360,1,Semiurban,Y,3946
2243,Male,Yes,0,Not Graduate,No,3010,3136,,360,0,Urban,N,6146
2244,Male,Yes,0,Graduate,No,2333,2417,136,360,1,Urban,Y,4750
2250,Male,Yes,0,Graduate,No,5488,0,125,360,1,Rural,Y,5488
2255,Male,No,3+,Graduate,No,9167,0,185,360,1,Rural,Y,9167
2262,Male,Yes,3+,Graduate,No,9504,0,275,360,1,Rural,Y,9504
2263,Male,Yes,0,Graduate,No,2583,2115,120,360,,Urban,Y,4698
2265,Male,Yes,2,Not Graduate,No,1993,1625,113,180,1,Semiurban,Y,3618
2266,Male,Yes,2,Graduate,No,3100,1400,113,360,1,Urban,Y,4500
2272,Male,Yes,2,Graduate,No,3276,484,135,360,,Semiurban,Y,3760
2277,Female,No,0,Graduate,No,3180,0,71,360,0,Urban,N,3180
2281,Male,Yes,0,Graduate,No,3033,1459,95,360,1,Urban,Y,4492
2284,Male,No,0,Not Graduate,No,3902,1666,109,360,1,Rural,Y,5568
2287,Female,No,0,Graduate,No,1500,1800,103,360,0,Semiurban,N,3300
2288,Male,Yes,2,Not Graduate,No,2889,0,45,180,0,Urban,N,2889
2296,Male,No,0,Not Graduate,No,2755,0,65,300,1,Rural,N,2755
2297,Male,No,0,Graduate,No,2500,20000,103,360,1,Semiurban,Y,22500
2300,Female,No,0,Not Graduate,No,1963,0,53,360,1,Semiurban,Y,1963
2301,Female,No,0,Graduate,Yes,7441,0,194,360,1,Rural,N,7441
2305,Female,No,0,Graduate,No,4547,0,115,360,1,Semiurban,Y,4547
2308,Male,Yes,0,Not Graduate,No,2167,2400,115,360,1,Urban,Y,4567
2314,Female,No,0,Not Graduate,No,2213,0,66,360,1,Rural,Y,2213
2315,Male,Yes,1,Graduate,No,8300,0,152,300,0,Semiurban,N,8300
2317,Male,Yes,3+,Graduate,No,81000,0,360,360,0,Rural,N,81000
2318,Female,No,1,Not Graduate,Yes,3867,0,62,360,1,Semiurban,N,3867
2319,Male,Yes,0,Graduate,,6256,0,160,360,,Urban,Y,6256
2328,Male,Yes,0,Not Graduate,No,6096,0,218,360,0,Rural,N,6096
2332,Male,Yes,0,Not Graduate,No,2253,2033,110,360,1,Rural,Y,4286
2335,Female,Yes,0,Not Graduate,No,2149,3237,178,360,0,Semiurban,N,5386
2337,Female,No,0,Graduate,No,2995,0,60,360,1,Urban,Y,2995
2341,Female,No,1,Graduate,No,2600,0,160,360,1,Urban,N,2600
2342,Male,Yes,2,Graduate,Yes,1600,20000,239,360,1,Urban,N,21600
2345,Male,Yes,0,Graduate,No,1025,2773,112,360,1,Rural,Y,3798
2347,Male,Yes,0,Graduate,No,3246,1417,138,360,1,Semiurban,Y,4663
2348,Male,Yes,0,Graduate,No,5829,0,138,360,1,Rural,Y,5829
2357,Female,No,0,Not Graduate,No,2720,0,80,,0,Urban,N,2720
2361,Male,Yes,0,Graduate,No,1820,1719,100,360,1,Urban,Y,3539
2362,Male,Yes,1,Graduate,No,7250,1667,110,,0,Urban,N,8917
2364,Male,Yes,0,Graduate,No,14880,0,96,360,1,Semiurban,Y,14880
2366,Male,Yes,0,Graduate,No,2666,4300,121,360,1,Rural,Y,6966
2367,Female,No,1,Not Graduate,No,4606,0,81,360,1,Rural,N,4606
2368,Male,Yes,2,Graduate,No,5935,0,133,360,1,Semiurban,Y,5935
2369,Male,Yes,0,Graduate,No,2920,16.12000084,87,360,1,Rural,Y,2936.120001
2370,Male,No,0,Not Graduate,No,2717,0,60,180,1,Urban,Y,2717
2377,Female,No,1,Graduate,Yes,8624,0,150,360,1,Semiurban,Y,8624
2379,Male,No,0,Graduate,No,6500,0,105,360,0,Rural,N,6500
2386,Male,No,0,Graduate,,12876,0,405,360,1,Semiurban,Y,12876
2387,Male,Yes,0,Graduate,No,2425,2340,143,360,1,Semiurban,Y,4765
2390,Male,No,0,Graduate,No,3750,0,100,360,1,Urban,Y,3750
2393,Female,,,Graduate,No,10047,0,,240,1,Semiurban,Y,10047
2398,Male,No,0,Graduate,No,1926,1851,50,360,1,Semiurban,Y,3777
2401,Male,Yes,0,Graduate,No,2213,1125,,360,1,Urban,Y,3338
2403,Male,No,0,Graduate,Yes,10416,0,187,360,0,Urban,N,10416
2407,Female,Yes,0,Not Graduate,Yes,7142,0,138,360,1,Rural,Y,7142
2408,Male,No,0,Graduate,No,3660,5064,187,360,1,Semiurban,Y,8724
2409,Male,Yes,0,Graduate,No,7901,1833,180,360,1,Rural,Y,9734
2418,Male,No,3+,Not Graduate,No,4707,1993,148,360,1,Semiurban,Y,6700
2422,Male,No,1,Graduate,No,37719,0,152,360,1,Semiurban,Y,37719
2424,Male,Yes,0,Graduate,No,7333,8333,175,300,,Rural,Y,15666
2429,Male,Yes,1,Graduate,Yes,3466,1210,130,360,1,Rural,Y,4676
2434,Male,Yes,2,Not Graduate,No,4652,0,110,360,1,Rural,Y,4652
2435,Male,Yes,0,Graduate,,3539,1376,55,360,1,Rural,N,4915
2443,Male,Yes,2,Graduate,No,3340,1710,150,360,0,Rural,N,5050
2444,Male,No,1,Not Graduate,Yes,2769,1542,190,360,,Semiurban,N,4311
2446,Male,Yes,2,Not Graduate,No,2309,1255,125,360,0,Rural,N,3564
2447,Male,Yes,2,Not Graduate,No,1958,1456,60,300,,Urban,Y,3414
2448,Male,Yes,0,Graduate,No,3948,1733,149,360,0,Rural,N,5681
2449,Male,Yes,0,Graduate,No,2483,2466,90,180,0,Rural,Y,4949
2453,Male,No,0,Graduate,Yes,7085,0,84,360,1,Semiurban,Y,7085
2455,Male,Yes,2,Graduate,No,3859,0,96,360,1,Semiurban,Y,3859
2459,Male,Yes,0,Graduate,No,4301,0,118,360,1,Urban,Y,4301
2467,Male,Yes,0,Graduate,No,3708,2569,173,360,1,Urban,N,6277
2472,Male,No,2,Graduate,No,4354,0,136,360,1,Rural,Y,4354
2473,Male,Yes,0,Graduate,No,8334,0,160,360,1,Semiurban,N,8334
2478,,Yes,0,Graduate,Yes,2083,4083,160,360,,Semiurban,Y,6166
2484,Male,Yes,3+,Graduate,No,7740,0,128,180,1,Urban,Y,7740
2487,Male,Yes,0,Graduate,No,3015,2188,153,360,1,Rural,Y,5203
2489,Female,No,1,Not Graduate,,5191,0,132,360,1,Semiurban,Y,5191
2493,Male,No,0,Graduate,No,4166,0,98,360,0,Semiurban,N,4166
2494,Male,No,0,Graduate,No,6000,0,140,360,1,Rural,Y,6000
2500,Male,Yes,3+,Not Graduate,No,2947,1664,70,180,0,Urban,N,4611
2501,,Yes,0,Graduate,No,16692,0,110,360,1,Semiurban,Y,16692
2502,Female,Yes,2,Not Graduate,,210,2917,98,360,1,Semiurban,Y,3127
2505,Male,Yes,0,Graduate,No,4333,2451,110,360,1,Urban,N,6784
2515,Male,Yes,1,Graduate,Yes,3450,2079,162,360,1,Semiurban,Y,5529
2517,Male,Yes,1,Not Graduate,No,2653,1500,113,180,0,Rural,N,4153
2519,Male,Yes,3+,Graduate,No,4691,0,100,360,1,Semiurban,Y,4691
2522,Female,No,0,Graduate,Yes,2500,0,93,360,,Urban,Y,2500
2524,Male,No,2,Graduate,No,5532,4648,162,360,1,Rural,Y,10180
2527,Male,Yes,2,Graduate,Yes,16525,1014,150,360,1,Rural,Y,17539
2529,Male,Yes,2,Graduate,No,6700,1750,230,300,1,Semiurban,Y,8450
2530,,Yes,2,Graduate,No,2873,1872,132,360,0,Semiurban,N,4745
2531,Male,Yes,1,Graduate,Yes,16667,2250,86,360,1,Semiurban,Y,18917
2533,Male,Yes,2,Graduate,No,2947,1603,,360,1,Urban,N,4550
2534,Female,No,0,Not Graduate,No,4350,0,154,360,1,Rural,Y,4350
2536,Male,Yes,3+,Not Graduate,No,3095,0,113,360,1,Rural,Y,3095
2537,Male,Yes,0,Graduate,No,2083,3150,128,360,1,Semiurban,Y,5233
2541,Male,Yes,0,Graduate,No,10833,0,234,360,1,Semiurban,Y,10833
2543,Male,Yes,2,Graduate,No,8333,0,246,360,1,Semiurban,Y,8333
2544,Male,Yes,1,Not Graduate,No,1958,2436,131,360,1,Rural,Y,4394
2545,Male,No,2,Graduate,No,3547,0,80,360,0,Rural,N,3547
2547,Male,Yes,1,Graduate,No,18333,0,500,360,1,Urban,N,18333
2555,Male,Yes,2,Graduate,Yes,4583,2083,160,360,1,Semiurban,Y,6666
2556,Male,No,0,Graduate,No,2435,0,75,360,1,Urban,N,2435
2560,Male,No,0,Not Graduate,No,2699,2785,96,360,,Semiurban,Y,5484
2562,Male,Yes,1,Not Graduate,No,5333,1131,186,360,,Urban,Y,6464
2571,Male,No,0,Not Graduate,No,3691,0,110,360,1,Rural,Y,3691
2582,Female,No,0,Not Graduate,Yes,17263,0,225,360,1,Semiurban,Y,17263
2585,Male,Yes,0,Graduate,No,3597,2157,119,360,0,Rural,N,5754
2586,Female,Yes,1,Graduate,No,3326,913,105,84,1,Semiurban,Y,4239
2587,Male,Yes,0,Not Graduate,No,2600,1700,107,360,1,Rural,Y,4300
2588,Male,Yes,0,Graduate,No,4625,2857,111,12,,Urban,Y,7482
2600,Male,Yes,1,Graduate,Yes,2895,0,95,360,1,Semiurban,Y,2895
2602,Male,No,0,Graduate,No,6283,4416,209,360,0,Rural,N,10699